Projects|Projekte|Projets|Proyectos|Progetti|Projetos|プロジェクト
Templates|Vorlagen|Modèles|Plantillas|Modelli|Modelos|テンプレート
Creative Assets|Creative Assets|Creative Assets|Creative Assets|Creative Assets|Creative Assets|Creative Assets
Sandbox|Spielwiese|Bac à sable|Zona de pruebas|Area di prova|Área de testes|サンドボックス
Automation|Automatisierung|Automatisation|Automatización|Automazione|Automação|自動化
Help|Hilfe|Aide|Ayuda|Aiuto|Ajuda|ヘルプ
Menu|Menü|Menu|Menú|Menu|Menu|メニュー
Open editor|Editor öffnen|Ouvrir l’éditeur|Abrir editor|Apri editor|Abrir editor|エディターを開く
Product|Produkt|Produit|Producto|Prodotto|Produto|製品
Resources|Ressourcen|Ressources|Recursos|Risorse|Recursos|リソース
Legal|Rechtliches|Informations légales|Información legal|Note legali|Informações legais|法的情報
Privacy|Datenschutz|Confidentialité|Privacidad|Privacy|Privacidade|プライバシー
Terms|Bedingungen|Conditions|Condiciones|Termini|Termos|利用条件
Support|Unterstützung|Soutien|Apoyo|Supporto|Apoio|サポート
Free & private|Kostenlos & privat|Gratuit et privé|Gratis y privado|Gratis e privato|Grátis e privado|無料・プライベート
Screenshot generator|Screenshot-Generator|Générateur de captures|Generador de capturas|Generatore di screenshot|Gerador de capturas|スクリーンショット作成
Try now|Jetzt testen|Essayer|Probar ahora|Prova ora|Experimente|試してみる
How it works|So funktioniert’s|Comment ça marche|Cómo funciona|Come funziona|Como funciona|使い方
Translate & localize|Übersetzen & lokalisieren|Traduire et localiser|Traducir y localizar|Traduci e localizza|Traduzir e localizar|翻訳・ローカライズ
iOS & Android sizes|iOS- & Android-Maße|Dimensions iOS et Android|Medidas iOS y Android|Misure iOS e Android|Medidas iOS e Android|iOS・Androidのサイズ
Blog & guides|Blog & Leitfäden|Blog et guides|Blog y guías|Blog e guide|Blog e guias|ブログ・ガイド
Projects and screenshots stay on your device|Projekte und Screenshots bleiben auf deinem Gerät|Projets et captures restent sur votre appareil|Los proyectos y capturas quedan en tu dispositivo|Progetti e screenshot restano sul tuo dispositivo|Projetos e capturas ficam no seu dispositivo|プロジェクトと画像は端末に保存されます
New project|Neues Projekt|Nouveau projet|Nuevo proyecto|Nuovo progetto|Novo projeto|新規プロジェクト
Project name|Projektname|Nom du projet|Nombre del proyecto|Nome del progetto|Nome do projeto|プロジェクト名
Rename|Umbenennen|Renommer|Renombrar|Rinomina|Renomear|名前を変更
Duplicate|Duplizieren|Dupliquer|Duplicar|Duplica|Duplicar|複製
Delete|Löschen|Supprimer|Eliminar|Elimina|Excluir|削除
Import project|Projekt importieren|Importer un projet|Importar proyecto|Importa progetto|Importar projeto|プロジェクトを読み込む
Export project|Projekt exportieren|Exporter le projet|Exportar proyecto|Esporta progetto|Exportar projeto|プロジェクトを書き出す
Search|Suchen|Rechercher|Buscar|Cerca|Buscar|検索
Create|Erstellen|Créer|Crear|Crea|Criar|作成
Cancel|Abbrechen|Annuler|Cancelar|Annulla|Cancelar|キャンセル
Close|Schließen|Fermer|Cerrar|Chiudi|Fechar|閉じる
Save|Speichern|Enregistrer|Guardar|Salva|Salvar|保存
Saved|Gespeichert|Enregistré|Guardado|Salvato|Salvo|保存済み
Setup|Einrichtung|Configuration|Configuración|Configurazione|Configuração|設定
Globals|Global|Global|Global|Globale|Global|共通設定
App Screens|App-Screens|Écrans de l’app|Pantallas de la app|Schermate dell’app|Telas do app|アプリ画面
AI captions|KI-Texte|Textes IA|Textos IA|Testi IA|Textos IA|AIキャプション
Preview & Export|Vorschau & Export|Aperçu et export|Vista previa y exportación|Anteprima ed esportazione|Prévia e exportação|プレビューと書き出し
Quick start|Schnellstart|Démarrage rapide|Inicio rápido|Avvio rapido|Início rápido|クイックスタート
App name|App-Name|Nom de l’app|Nombre de la app|Nome dell’app|Nome do app|アプリ名
Brand colour|Markenfarbe|Couleur de marque|Color de marca|Colore del brand|Cor da marca|ブランドカラー
Describe your app|Beschreibe deine App|Décrivez votre app|Describe tu app|Descrivi la tua app|Descreva seu app|アプリの説明
Caption language|Textsprache|Langue des textes|Idioma del texto|Lingua dei testi|Idioma dos textos|キャプションの言語
Output size|Ausgabegröße|Taille de sortie|Tamaño de salida|Dimensioni di output|Tamanho de saída|出力サイズ
Screens|Screens|Écrans|Pantallas|Schermate|Telas|画面
Add|Hinzufügen|Ajouter|Añadir|Aggiungi|Adicionar|追加
Layout|Layout|Disposition|Diseño|Layout|Layout|レイアウト
Background|Hintergrund|Fond|Fondo|Sfondo|Fundo|背景
Device|Gerät|Appareil|Dispositivo|Dispositivo|Dispositivo|デバイス
Text|Text|Texte|Texto|Testo|Texto|テキスト
Elements|Elemente|Éléments|Elementos|Elementi|Elementos|要素
Image|Bild|Image|Imagen|Immagine|Imagem|画像
Element|Element|Élément|Elemento|Elemento|Elemento|要素
Angle|Winkel|Angle|Ángulo|Angolo|Ângulo|角度
Colour|Farbe|Couleur|Color|Colore|Cor|色
Opacity|Deckkraft|Opacité|Opacidad|Opacità|Opacidade|不透明度
Size|Größe|Taille|Tamaño|Dimensioni|Tamanho|サイズ
Font|Schrift|Police|Fuente|Font|Fonte|フォント
Shadow|Schatten|Ombre|Sombra|Ombra|Sombra|影
Preview|Vorschau|Aperçu|Vista previa|Anteprima|Prévia|プレビュー
Download|Herunterladen|Télécharger|Descargar|Scarica|Baixar|ダウンロード
Download .zip|ZIP herunterladen|Télécharger le ZIP|Descargar ZIP|Scarica ZIP|Baixar ZIP|ZIPをダウンロード
This screen|Dieser Screen|Cet écran|Esta pantalla|Questa schermata|Esta tela|この画面
Fit|Einpassen|Ajuster|Ajustar|Adatta|Ajustar|表示を合わせる
Set view|Set-Ansicht|Vue de la série|Vista de la serie|Vista della serie|Visão da série|シリーズ表示
Orientation|Ausrichtung|Orientation|Orientación|Orientamento|Orientação|向き
Portrait|Hochformat|Portrait|Vertical|Verticale|Vertical|縦向き
Landscape|Querformat|Paysage|Horizontal|Orizzontale|Horizontal|横向き
Languages|Sprachen|Langues|Idiomas|Lingue|Idiomas|言語
Default language|Standardsprache|Langue par défaut|Idioma predeterminado|Lingua predefinita|Idioma padrão|デフォルト言語
Format|Format|Format|Formato|Formato|Formato|形式
Update|Aktualisieren|Mettre à jour|Actualizar|Aggiorna|Atualizar|更新
Apply|Anwenden|Appliquer|Aplicar|Applica|Aplicar|適用
Clear|Leeren|Effacer|Limpiar|Cancella|Limpar|クリア
Next|Weiter|Suivant|Siguiente|Avanti|Próximo|次へ
Screen {n}|Screen {n}|Écran {n}|Pantalla {n}|Schermata {n}|Tela {n}|画面 {n}
All templates|Alle Vorlagen|Tous les modèles|Todas las plantillas|Tutti i modelli|Todos os modelos|すべてのテンプレート
Free templates|Kostenlose Vorlagen|Modèles gratuits|Plantillas gratis|Modelli gratuiti|Modelos grátis|無料テンプレート
Filters|Filter|Filtres|Filtros|Filtri|Filtros|フィルター
App Store categories|App Store Kategorien|Catégories App Store|Categorías del App Store|Categorie App Store|Categorias da App Store|App Storeのカテゴリ
Store and device|Store & Gerät|Store et appareil|Tienda y dispositivo|Store e dispositivo|Loja e dispositivo|ストアとデバイス
Skill|Schwierigkeit|Niveau|Nivel|Livello|Nível|難易度
Simple only|Nur einfache|Simples uniquement|Solo sencillas|Solo semplici|Apenas simples|シンプルのみ
Theme|Thema|Thème|Tema|Tema|Tema|テーマ
Light|Hell|Clair|Claro|Chiaro|Claro|ライト
Dark|Dunkel|Sombre|Oscuro|Scuro|Escuro|ダーク
Colourful|Bunt|Coloré|Colorido|Colorato|Colorido|カラフル
App Screenshot|App-Screenshot|Capture d’app|Captura de app|Screenshot dell’app|Captura de app|アプリ画面
Screenshot Templates|Screenshot-Vorlagen|Modèles de captures|Plantillas de capturas|Modelli di screenshot|Modelos de capturas|スクリーンショットのテンプレート
Start with Template|Mit Vorlage starten|Utiliser ce modèle|Usar esta plantilla|Usa questo modello|Usar este modelo|このテンプレートで開始
Compatible with:|Kompatibel mit:|Compatible avec :|Compatible con:|Compatibile con:|Compatível com:|対応サイズ：
Load more templates|Mehr Vorlagen laden|Voir plus de modèles|Ver más plantillas|Carica altri modelli|Ver mais modelos|さらに表示
{n} remaining|{n} übrig|{n} restants|{n} restantes|{n} rimanenti|{n} restantes|残り {n}
templates|Vorlagen|modèles|plantillas|modelli|modelos|テンプレート
editable layouts|bearbeitbare Layouts|compositions modifiables|diseños editables|layout modificabili|layouts editáveis|編集可能なレイアウト
store sizes|Store-Größen|dimensions de stores|medidas de tiendas|misure per gli store|medidas de lojas|ストアサイズ
Copy template to projects|Vorlage in Projekte kopieren|Copier dans les projets|Copiar a proyectos|Copia nei progetti|Copiar para projetos|プロジェクトにコピー
Save a local project in this browser.|Ein lokales Projekt in diesem Browser speichern.|Enregistrer un projet local dans ce navigateur.|Guarda un proyecto local en este navegador.|Salva un progetto locale in questo browser.|Salve um projeto local neste navegador.|このブラウザーにローカルプロジェクトを保存。
Copy Template to Sandbox|In Spielwiese kopieren|Copier dans le bac à sable|Copiar a la zona de pruebas|Copia nell’area di prova|Copiar para área de testes|サンドボックスにコピー
Copy template and edit without saving|Ohne Speichern ausprobieren|Essayer sans enregistrer|Probar sin guardar|Prova senza salvare|Teste sem salvar|保存せずに試す
Home|Startseite|Accueil|Inicio|Home|Início|ホーム
More templates|Weitere Vorlagen|Autres modèles|Más plantillas|Altri modelli|Mais modelos|その他のテンプレート
Specifications|Spezifikationen|Spécifications|Especificaciones|Specifiche|Especificações|仕様
About this template|Über diese Vorlage|À propos de ce modèle|Sobre esta plantilla|Informazioni sul modello|Sobre este modelo|テンプレートについて
Screenshot dimensions|Screenshot-Maße|Dimensions des captures|Medidas de capturas|Dimensioni screenshot|Dimensões das capturas|スクリーンショットのサイズ
Fully customisable|Vollständig anpassbar|Entièrement personnalisable|Totalmente personalizable|Completamente personalizzabile|Totalmente personalizável|自由にカスタマイズ
Install|Installieren|Installer|Instalar|Installa|Instalar|インストール
Tools|Werkzeuge|Outils|Herramientas|Strumenti|Ferramentas|ツール
Tell the agent|Sag dem Agenten|Dites à l’agent|Dile al agente|Chiedi all’agente|Diga ao agente|エージェントに指示
iPhone Duo templates|iPhone Duo Vorlagen|Modèles iPhone Duo|Plantillas iPhone Duo|Modelli iPhone Duo|Modelos iPhone Duo|iPhone Duoのテンプレート
Creative asset templates|Creative Assets Vorlagen|Modèles Creative Assets|Plantillas Creative Assets|Modelli Creative Assets|Modelos Creative Assets|Creative Assetsのテンプレート
iPhone templates|iPhone Vorlagen|Modèles iPhone|Plantillas iPhone|Modelli iPhone|Modelos iPhone|iPhoneのテンプレート
iPad templates|iPad Vorlagen|Modèles iPad|Plantillas iPad|Modelli iPad|Modelos iPad|iPadのテンプレート
Android phone templates|Android Vorlagen|Modèles Android|Plantillas Android|Modelli Android|Modelos Android|Androidのテンプレート
Android tablet templates|Android-Tablet Vorlagen|Modèles tablettes Android|Plantillas de tablet Android|Modelli tablet Android|Modelos de tablet Android|Androidタブレットのテンプレート
Landscape templates|Querformat-Vorlagen|Modèles paysage|Plantillas horizontales|Modelli orizzontali|Modelos horizontais|横向きテンプレート
No templates match these filters.|Keine Vorlagen entsprechen diesen Filtern.|Aucun modèle ne correspond.|Ninguna plantilla coincide.|Nessun modello corrisponde.|Nenhum modelo corresponde.|条件に合うテンプレートがありません。
Project created from {name}|Projekt aus {name} erstellt|Projet créé à partir de {name}|Proyecto creado desde {name}|Progetto creato da {name}|Projeto criado a partir de {name}|{name} からプロジェクトを作成
Apply without AI|Ohne KI anwenden|Appliquer sans IA|Aplicar sin IA|Applica senza IA|Aplicar sem IA|AIなしで適用
Apply & write captions|Anwenden & Texte schreiben|Appliquer et rédiger|Aplicar y redactar|Applica e scrivi i testi|Aplicar e escrever textos|適用してキャプションを作成
Show app icon + name on the first screen|Icon & App-Name auf dem ersten Screen|Icône et nom sur le premier écran|Icono y nombre en la primera pantalla|Icona e nome sulla prima schermata|Ícone e nome na primeira tela|最初の画面にアイコンと名前を表示
Upload icon|Icon hochladen|Importer une icône|Subir icono|Carica icona|Enviar ícone|アイコンを追加
Tone|Ton|Ton|Tono|Tono|Tom|トーン
Benefit-led|Nutzenorientiert|Axé sur les bénéfices|Centrado en beneficios|Orientato ai vantaggi|Focado em benefícios|メリット重視
Playful|Verspielt|Ludique|Divertido|Giocoso|Divertido|親しみやすく
Premium|Premium|Premium|Premium|Premium|Premium|プレミアム
Direct|Direkt|Direct|Directo|Diretto|Direto|簡潔に
Write captions|Texte schreiben|Rédiger les textes|Escribir textos|Scrivi i testi|Escrever textos|キャプションを作成
Translate to all project languages|In alle Projektsprachen übersetzen|Traduire dans toutes les langues|Traducir a todos los idiomas|Traduci in tutte le lingue|Traduzir para todos os idiomas|プロジェクトの全言語に翻訳
Copy prompt instead|Stattdessen Prompt kopieren|Copier le prompt|Copiar el prompt|Copia il prompt|Copiar o prompt|代わりにプロンプトをコピー
Paste AI output|KI-Ausgabe einfügen|Coller la réponse IA|Pegar respuesta de IA|Incolla risposta IA|Colar resposta da IA|AIの回答を貼り付け
Working…|In Arbeit…|En cours…|Procesando…|Elaborazione…|Processando…|処理中…
Brand left|Marke links|Marque à gauche|Marca a la izquierda|Brand a sinistra|Marca à esquerda|ブランドを左に
Brand right|Marke rechts|Marque à droite|Marca a la derecha|Brand a destra|Marca à direita|ブランドを右に
Centered headline|Zentrierte Überschrift|Titre centré|Título centrado|Titolo centrato|Título centralizado|見出しを中央に
FAQ|FAQ|FAQ|Preguntas frecuentes|FAQ|Perguntas frequentes|よくある質問
